{
    "console": {
        "enable": false,
        "level": "TRACE",
        "pattern": "[%D %T] [%L] [%TRACE] [%SPAN] %M",
        "pattern1" : "{\"timestamp\": \"%D %T\", \"level\": \"%L\", \"TRACE ID\": \"%TRACE\",\"SPAN ID\": \"%SPAN\", \"message\": \"%M\"}",
        "category": "KrakenD",
        "example_For_JsonFormat": "{\"timestamp\": \"%D %T\", \"level\": \"%L\", \"message\": \"%M\"}"
    },
    "files": [
        {
            "enable": false,
            "level": "INFO",
            "filename": "../plugin/transformation/logs/info/infoLoggers.log",
            "category": "Info",
            "pattern": "[%D %T] [%L] %M",
            "rotate": true,
            "maxsize": "1M"
        },
        {
            "enable": false,
            "level": "DEBUG",
            "filename": "../plugin/transformation/logs/debug/debugLoggers.log",
            "category": "Debug",
            "pattern": "[%D %T] [%L] %M",
            "rotate": true,
            "maxsize": "1M"
        },
        {
            "enable": false,
            "level": "ERROR",
            "filename": "../plugin/transformation/logs/error/errorLoggers.log",
            "filePattern": "./logs/error/abc.gz",
            "category": "Error",
            "pattern": "[%D %T] [%L] (%S) %M",
            "rotate": true,
            "maxsize": "1M"
        }
    ]
}